source,prediction
"One side of the armed conflicts is composed mainly of the Sudanese military and the Janjaweed, a Sudanese militia group recruited mostly from the Afro-Arab Abbala tribes of the northern Rizeigat region in Sudan.",The Sudanese military and the Janjaweed are one part of the armed conflict. They were made up of people from the Afro-Arab Abbala tribe in the northern Rizeigat area of Sudan.
"Jeddah is the principal gateway to Mecca, Islam's holiest city, which able-bodied Muslims are required to visit at least once in their lifetime.","Jeddah is the entrance to Mecca, Islam's holiest city.  All able bodied Muslim must visit Mecca at least once in there life."
The Great Dark Spot is thought to represent a hole in the methane cloud deck of Neptune.,The Great Dark Spot may show a hole in the methane cloud deck of Neptune.
"His next work, Saturday, follows an especially eventful day in the life of a successful neurosurgeon.",The movie Saturday is about a successful neurosurgeon's exciting day.
"The tarantula, the trickster character, spun a black cord and, attaching it to the ball, crawled away fast to the east, pulling on the cord with all his strength.","The tarantula spun a black cord and attached it to the ball.  He then crawled away fast to the east, pulling on the cord with all his strength."
"There he died six weeks later, on 13 January 888.","He died six weeks later, on 13 January 888."
They are culturally akin to the coastal peoples of Papua New Guinea.,Their culture is similar to that of people from Papua New Guinea.
"Since 2000, the recipient of the Kate Greenaway Medal has also been presented with the Colin Mears Award to the value of £5000.",The winner of the Kate Greenaway Medal is given the Colin Mears Award for £5000.
"Following the drummers are dancers, who often play the sogo (a tiny drum that makes almost no sound) and tend to have more elaborate — even acrobatic — choreography.","After the drummer is the dancer, they play the small drums called sogo and have complicated moves."
"The spacecraft consists of two main elements: the NASA Cassini orbiter, named after the Italian-French astronomer Giovanni Domenico Cassini, and the ESA Huygens probe, named after the Dutch astronomer, mathematician and physicist Christiaan Huygens.","The spacecraft has two parts: the NASA Cassini orbiter, and the ESA Huygens probe.  They are both named for their discoverers."
"Alessandro (""Sandro"") Mazzola (born 8 November 1942) is an Italian former football player.",Alessandro Mazzola was born on 8th November 1942. He used to play for football.
It was originally thought that the debris thrown up by the collision filled in the smaller craters.,The debris from the impact filled in the small holes.
"Graham attended Wheaton College from 1939 to 1943, when he graduated with a BA in anthropology.",Graham went to Wheaton College between 1939-1943. He got his BA in anthropology there.
"However, the BZÖ differs a bit in comparison to the Freedom Party, as is in favor of a referendum about the Lisbon Treaty but against an EU-Withdrawal.",The BZÖ is different from the Freedom Party because they are for a vote on the Lisbon Treaty but not for an EU-Exit.
"Many species had vanished by the end of the nineteenth century, with European settlement.",European settlements caused many species to disappear by the end of the 19th century.
In 1987 Wexler was inducted into the Rock and Roll Hall of Fame.,Wexler was put into the Rock and Roll Hall of Fame in 1987.
"In its pure form, dextromethorphan occurs as a white powder.",Dextromethorphan is a white powder when not mixed with other things.
Admission to Tsinghua is extremely competitive.,Tsinghua admission is very hard to get upon.
"Today NRC is organised as an independent, private foundation.","NRC today is an independent, private foundation."
"It is situated at the coast of the Baltic Sea, where it encloses the city of Stralsund.","it is located on the Baltic Sea's shore, enclosing the city of Stralsund."
"He was also named 1982 ""Sportsman of the Year"" by Sports Illustrated.","He was called 1982 ""Sportsman of the Year"" by Sports Illustrated."
Fives is a British sport believed to derive from the same origins as many racquet sports.,Fives is a British sport thought to come from the same origin as many racquet sports.
"For example, King Bhumibol was born on Monday, so on his birthday throughout Thailand will be decorated with yellow color.","King Bhumibol was born on Monday, so on his birthday throughout Thailand will be decorated with yellow color."
Both names became defunct in 2007 when they were merged into The National Museum of Scotland.,The National Museum of Scotland was made in 2007 after both museums were combined.
"Nevertheless, Tagore emulated numerous styles, including craftwork from northern New Ireland, Haida carvings from the west coast of Canada (British Columbia), and woodcuts by Max Pechstein.","Tagore imitated many styles like craftwork from northern New Ireland, Haida carvings from the west coast of Canada, and woodcuts by Max Pechstein."
"On October 14, 1960, Presidential candidate John F. Kennedy proposed the concept of what became the Peace Corps on the steps of Michigan Union.","John F. Kennedy put forward the idea for the Peace Corps on October 14, 1960 at Michigan Union."
"She performed for President Reagan in 1988's Great Performances at the White House series, which aired on the Public Broadcasting Service.",She performed for President Reagan in 1988's Great Performances at the White House series. It was shown on the Public Broadcasting Service.
Perry Saturn (with Terri) defeated Eddie Guerrero (with Chyna) to win the WWF European Championship (8:10) Saturn pinned Guerrero after a Diving elbow drop.,Perry Saturn beat Eddie Guerrero to become champion.  He pin down Guerrero after a Diving elbow drop.
She remained in the United States until 1927 when she and her husband returned to France.,She stayed in the US until 1927 when they went back to France.
"Despina was discovered in late July, 1989 from the images taken by the Voyager 2 probe.","Despina was found in late July, 1989 from the pictures taken by the Voyager 2 probe."
The first Italian Grand Prix motor racing championship took place on 4 September 1921 at Brescia.,The first Italian Grand Prix was held on 4 September 1921 at Brescia.
He also completed two collections of short stories entitled The Ribbajack & Other Curious Yarns and Seven Strange and Ghostly Tales.,He also finished two story books called The Ribbajack & Other Curious Yarns and Seven Strange and Ghostly Tales.
"At the Voyager 2 images Ophelia appears as an elongated object, the major axis pointing towards Uranus.","Ophelia is seen as an elongated object at the Voyager 2 pictures, the major axis pointing towards Uranus."
The British decided to eliminate him and take the land by force.,The British wanted to get rid of him and took over his land by force.
"Some towns on the Eyre Highway in the south-east corner of Western Australia, between the South Australian border almost as far as Caiguna, do not follow official Western Australian time.","Between the South Australian border almost as far as Caiguna, some towns on the Eyre Highway in the south-eastern part of Western Australia don't follow the official Western Australian time."
"In architectural decoration Small pieces of colored and iridescent shell have been used to create mosaics and inlays, which have been used to decorate walls, furniture and boxes.","Small pieces of colored and iridescent shells were used as mosaics and inlays for decorating walls, furniture and boxes."
"The other incorporated cities on the Palos Verdes Peninsula include Rancho Palos Verdes, Rolling Hills Estates and Rolling Hills.","Other incorporated cities on the Palos Verdes Peninsula are: Rancho Palos Verdes, Rolling Hills Estates and Rolling Hills."
"Fearing that Drek will destroy the galaxy, Clank asks Ratchet to help him find the famous superhero Captain Qwark, in an effort to stop Drek.","Clank fears that Drek will destroy the galaxy, he asks Ratchet for help finding Captain Qwark to prevent this."
It is not actually a true louse.,it isn't really a louse.
He advocates applying a user-centered design process in product development cycles and also works towards popularizing interaction design as a mainstream discipline.,He supports using a user-centered design process in product development cycles. He wants to promote interaction design as a standard field.
"It is theoretically possible that the other editors who may have reported you, and the administrator who blocked you, are part of a conspiracy against someone half a world away they've never met in person.",The other people who might have told about you could be working against someone not seen in person from half a world away.
Working Group I: Assesses scientific aspects of the climate system and climate change.,Group I looks at science about the climate system and climate change.
"The island chain forms part of the Hebrides, separated from the Scottish mainland and from the Inner Hebrides by the stormy waters of the Minch, the Little Minch and the Sea of the Hebrides.","The island chain is part of the Hebrides. It's separate from the Scottish mainland and inner hebrides because they are blocked off by the Minch, little minch, and sea of the hebrides."
"Orton and his wife welcomed Alanna Marie Orton on July 12, 2008.","On July 12, 2008, Alanna Marie Orten was greeted by her parents."
"Formal minor planet designations are number-name combinations overseen by the Minor Planet Center, a branch of the IAU.","Minor planet designations are number-name pairs overseen by the Minor Planet Center, a branch of the IAU."
"By early on September 30, wind shear began to dramatically increase and a weakening trend began.",Wind shear increased quickly and started to weaken.
Each entry has a datum (a nugget of data) which is a copy of the datum in some backing store.,Each record has a data file that copies the data from another storage system.
"As a result, although many mosques will not enforce violations, both men and women when attending a mosque must adhere to these guidelines.","Although many mosques won't follow rules, both men and women still have to follow them when going to a mosque."
"Mariel of Redwall is a fantasy novel by Brian Jacques, published in 1991.","Mariel of Redwall is a book by Brian Jacques, published in 1991."
"Ryan Prosser (born 10 July, 1988) is a professional rugby union player for Bristol Rugby in the Guinness Premiership.","Ryan Prosser was born on July 10th, 1988. He plays rugby for Bristol Rugby in the Guinness Premiership."
"Like previous assessment reports, it consists of four reports, three of them from its working groups.","It is made up of four reports, three from its working groups."
"Their granddaughter Hélène Langevin-Joliot is a professor of nuclear physics at the University of Paris, and their grandson Pierre Joliot, who was named after Pierre Curie, is a noted biochemist.",Hélène Langevin-Joliot is a professor of nuclear physics at the University of Paris.  Her son Pierre Joliot is a noted biochemist.
"This stamp remained the standard letter stamp for the remainder of Victoria's reign, and vast quantities were printed.",The stamp was used as a letter stamp until Victoria stopped using it. It had many copies made.
The International Fight League was an American mixed martial arts (MMA) promotion billed as the world's first MMA league.,The International Fight League was an American mixed martial arts (MMA) promotion called the world's first MMA league.
"Giardia lamblia (synonymous with Lamblia intestinalis and Giardia duodenalis) is a flagellated protozoan parasite that colonises and reproduces in the small intestine, causing giardiasis.",Giardia lamblia is a flagellated protozoan parasite that colonises and reproduce in the small intestines.  It causes giardiasis.
"Aside from this, Cameron has often worked in Christian-themed productions, among them the post-Rapture films Left Behind: The Movie, Left Behind II: Tribulation Force, and Left Behind: World at War, in which he plays Cameron ""Buck"" Williams.","Cameron also played in Christian movies like Left Behind: The Movie, Left Behind II: Tribulation Force, and Left Behind: World at War. He played as Cameron ""Buck"" Williams."
"This was the area east of the mouth of the Vistula River, later sometimes called ""Prussia proper"".",This was the area east of the mouth of the Vistula River. It is also known as Prussia proper.
After graduation he returned to Yerevan to teach at the local Conservatory and later he was appointed artistic director of the Armenian Philarmonic Orchestra.,He went back to Yerevan to teach at the local Conservatory.  He then became the artistic director of the Armenian Philarmonic Orchestra.
"The story of Christmas is based on the biblical accounts given in the Gospel of Matthew, namely - and the Gospel of Luke, specifically -.",The story of Christmas comes from the Bible stories in the book of Matthew and the book of Luke.
Weelkes was later to find himself in trouble with the Chichester Cathedral authorities for his heavy drinking and immoderate behaviour.,Weelkes would later have problems with the Chichester Cathedral because he drank heavily and acted badly.
"So far the 'celebrity' episodes have included Vic Reeves, Nancy Sorrell, Gaby Roslin, Scott Mills, Mark Chapman, Simon Gregson, Sue Cleaver, Carol Thatcher, Paul O'Grady and Lee Ryan.","The 'celebrity' episodes have had many actors like Vic Reeves, Nancy Sorrell, Gaby Roslin, Scott Mills, Mark Chapman, Simon Gregson, Sue Cleaver, Carol Thatcher, Paul O'Grady and Lee Ryan."
"It was discovered by Stephen P. Synnott in images from the Voyager 1 space probe taken on March 5, 1979 while orbiting around Jupiter.","Stephen P. Synnott found this in pictures from the Voyager 1 space probe taken on March 5, 1979 while orbiting around Jupiter."
"Gomaespuma was a Spanish radio show, hosted by Juan Luis Cano and Guillermo Fesser.","Gomaespuma was a Spanish radio program, played by Juan Luis Cano and Guillermo Fesser."
"On 16 June 2009, the official release date of The Resistance was announced on the band's website.",The Resistance was first released on the band's website on 16 June 2009.
He is also a member of another Jungiery boyband 183 Club.,He is also part of the Jungiery band 183 Club.
"The Apostolic Tradition, attributed to the theologian Hippolytus, attests the singing of Hallel psalms with Alleluia as the refrain in early Christian agape feasts.",Hippolytus's tradition says that the singing of Hallel psalms with Alleluia was used at early Christian agape feasts.
"In return, Rollo swore fealty to Charles, converted to Christianity, and undertook to defend the northern region of France against the incursions of other Viking groups.","Rollo swore loyalty to Charles, turned to Christianity, and agreed to protect the north area of France from attacks by other Vikings."
It is derived from Voice of America (VoA) Special English.,it comes from Voice of America's Special English program.
"Disney received a full-size Oscar statuette and seven miniature ones, presented to him by 10-year-old child actress Shirley Temple.",Disney got an Oscar statue and seven smaller statues from 10-year-old child actress Shirley Temple.
It was the first asteroid to be discovered by a spacecraft.,The first space craft found an asteroid.
"Hinterrhein is an administrative district in the canton of Graubünden, Switzerland.","hinterrhein is an executive area in the state of Graubünden, Switzerland."
It continues as the Bohemian Switzerland in the Czech Republic.,it is still called Bohemian Switzerland in the Czech Republic.
"This leads to consumer confusion when 220 (1,048,576) bytes is referenced as 1 MB (megabyte) instead of 1 MiB.","When 220 (1,048,576) bytes is referred to as 1 MB instead of 1 MiB there are problems for consumers."
The incident has been the subject of numerous reports as to ethics in scholarship.,This issue was reported many times about ethics in studies.
They are castrated so that the animal may be more docile or may put on weight more quickly.,Castration is done to make them less aggressive or gain weight faster.
"Seventh sons have strong ""knacks"" (specific magical abilities), and seventh sons of seventh sons are both extraordinarily rare and powerful.","Seventh sons have special powers called ""knacks"".  Seventh sons of seventh sons are very rare and powerful."
"Benchmarking conducted by PassMark Software highlights the 2009 version's 52 second install time, 32 second scan time, and 7 MB memory utilization.","PassMark Software benchmarks show that the 2009 model took only 52 seconds for installation, 32 seconds for scanning, and used only 7MB of memory."
Volterra is a town in the Tuscany region of Italy.,Volterra is located in the Tuscany area of Italy.
"Historically, the sensations of itch and pain have not been considered to be independent of each other until recently, where it was found that itch has several features in common with pain, but exhibits notable differences.","The sensations of itch and pain were thought to be separate until recently. It was found that itch has several features in common with pain, but shows some differences."
"The tongue is sticky because of the presence of glycoprotein-rich mucous, which both lubricates movement in and out of the snout and helps to catch ants and termites, which adhere to it.",The tongue is sticky due to glycoprotein-rich mucous that lubricates movement and catches ants and termites.
The same tram had derailed on 30 May 2006 at Starr Gate loop during previous trials.,This tram had an accident on 30 May 2006 at Starr Gate loop during previous tests.
"There are statues of Sir Alf Ramsey and Sir Bobby Robson, both former Ipswich Town and England managers, outside the ground.",Sir Alf Ramsey and Sir Bobby Robson have statues outside. Both were managers for Ipswich Town and England.
Take the square root of the variance.,Find the square root of the variance.
"Volunteers provided food, blankets, water, children's toys, massages, and a live rock band performance for those at the stadium.","Volunteers gave out food, blankets, water, children's toys, massages, and a live rock band performance for those at the stadium."
Vouvray-sur-Huisne is a commune in the Sarthe department in the region of Pays-de-la-Loire in northwestern France.,Vouvray-sur-Huisne is a community in the Sarthe area of France.
"If there are no strong land use controls, buildings are built along a bypass, converting it into an ordinary town road, and the bypass may eventually become as congested as the local streets it was intended to avoid.",Buildings will be constructed on a bypass if there is no control over their usage. This would turn the bypass into a regular street and possibly even more crowded than the streets they were meant to avoid.
"It is also a starting point for people wanting to explore Cooktown, Cape York Peninsula, and the Atherton Tableland.","Cooktown, Cape York Peninsula, and the Atherton Tableland are all places that people want to visit."
Bruises often induce pain but are not normally dangerous.,Bruises cause pain but aren't usually dangerous.
"None of the authors, contributors, sponsors, administrators, vandals, or anyone else connected with Wikipedia, in any way whatsoever, can be responsible for your use of the information contained in or linked from these web pages.",No one connected with Wikipedia is able to be responsible for your use of the information on this site.
"George Frideric Handel also served as Kapellmeister for George, Elector of Hanover (who eventually became George I of Great Britain).","George Fiedrich Handel was Kapellmeister for George, Elector of Hanover.  He later became George I of Great Britain."
"Their eyes are quite small, and their visual acuity is poor.","They have small eyes, which makes seeing hard for them."
They are rivaled as biological materials in toughness only by chitin.,Only Chitin is tougher than them when used for biological materials.
Oregano is an indispensable ingredient in Greek cuisine.,Oregano is needed for Greek food.
"Tickets can be retailed for National Rail services, the Docklands Light Railway and on Oyster card.","Ticket sales are available for National Rail services, the Docklands Light Railway and on Oyster card."
"These works he produced and published himself, whilst his much larger woodcuts were mostly commissioned work.",He made and gave out these books on his own. His large woodcuts were bought for commission.
The historical method comprises the techniques and guidelines by which historians use primary sources and other evidence to research and then to write history.,The historical method makes up the techniques and guidelines used by historians to study and create history using primary sources and other evidence.
The sheer weight of the continental icecap sitting on top of Lake Vostok is believed to contribute to the high oxygen concentration.,Lake Vostok's large amount of oxygen comes from the huge continenticecap above it.
"As of 2000, the population was 89,148.","Since 2000 there were 89,148 people living there."
Aliteracy (sometimes spelled alliteracy) is the state of being able to read but being uninterested in doing so.,Illiteracy is when you can't read but are interested in reading.
Mifepristone is a synthetic steroid compound used as a pharmaceutical.,Mifepristone is an artificial steroid compound used as medicine.
It will then dislodge itself and sink back to the river bed in order to digest its food and wait for its next meal.,Then it will come out of the water and go back to the bottom where it eats and waits for more food.
"Furthermore, research has shown children are less likely to report a crime if it involves someone that he or she knows, trusts, and / or cares about.",Research shows children don't like reporting crimes when they involve people they know trust and care for.
"Today, Landis' father has become a hearty supporter of his son and regards himself as one of Floyd's biggest fans.",Landis' father is now a big fan of his son and supports him greatly.
"Shortly after attaining Category 4 status, the outer convection of the hurricane became ragged.","After becoming Category 4, the outer part of the hurricane was torn apart."
The equilibrium price for a certain type of labor is the wage.,The balance price for a certain kind of work is wages.
"Convinced that the grounds were haunted, they decided to publish their findings in a book An Adventure (1911), under the pseudonyms of Elizabeth Morison and Frances Lamont.","They became convinced that the grounds were haunted, and published their findings in a book called An Adventure (1911). They used the names Elizabeth Morison and Frances Lamont for this purpose."
"He settled in London, devoting himself chiefly to practical teaching.",He moved to London where he focused on teaching.
"Brunstad has several fast food restaurants, a cafeteria-style restaurant, coffee bar, and its own grocery store.","Brunstad has several fast food restaurants, a cafeteria-style restaurant, coffee bar, and stores for groceries."
"He left a detachment of 11,000 troops to garrison the newly conquered region.","He sent away 11,000 soldiers to keep control over the new area."
"In 1438 Trevi passed under the temporal rule of the Church as part of the legation of Perugia, and thenceforth its history merges first with that of the States of the Church, then (1860) with the united Kingdom of Italy.","Trevi was ruled by the Church in 1438 as part of the legation of Perugia. From there on it's history is merged with the states of the Church, until 1860 when it became part of the United Kingdom."
"The depression moved inland on the 20th as a circulation devoid of convection, and dissipated the next day over Brazil, where it caused heavy rains and flooding.","The depression moved inland on the 20th as a circulation that didn't have heat rising from it. It disappeared the next day over Brazil, causing heavy rains and flooding."
The New York City Housing Authority Police Department was a law enforcement agency in New York City that existed from 1952 to 1995.,The New York City Housing Authority Police were an authority police department in NYC that existed between 1952-1995.
"The current lineup of the band comprises Flynn (vocals, guitar), Duce (bass), Phil Demmel (guitar), and Dave McClain (drums).","Flynn is the lead singer and guitarist for this band.  Duce plays bass, Phil Demmel plays guitar, and Dave McClain plays drums."
Advocacy Countries with a minority Muslim population are more likely than Muslim-majority countries of the Greater Middle East to use mosques as a way to promote civic participation.,Countries with a minority Muslim population tend to use mosques for promoting civic participation.
The characters are foul-mouthed extensions of their earlier characters Pete and Dud.,The characters are bad mouthed versions of Pete and Dud.
"Johan was also the original bassist of the Swedish power metal band HammerFall, but quit before the band ever released a studio album.",Johan was the original bassist for the Swedish power metal band HammerFall.  He left before they made their first album.
"In 1998, Culver ran for Iowa Secretary of State and was victorious.",Culver won when running for Iowa Secretary of State in 1998.
"In 1990, Mark Messier took the Hart over Ray Bourque by a margin of two votes, the difference being a single first-place vote.",Mark Messel won the Hart over Ray Bourque by two votes. It was only one first place vote different.
"Shade sets the main plot of the novel in motion when he impetuously defies that law, and inadvertently initiates a chain of events that leads to the destruction of his colony's home, forcing their premature migration, and his separation from them.","When Shade defiantly breaks the rule, he starts a series of events which destroys his colony's home, causing their early migration and separating him from them."
The female equivalent is a daughter.,The female version is a daughter.
He was diagnosed with inoperable abdominal cancer in April 1999.,His diagnosis is abdominal cancer that cannot be removed.
"Prior to the arrival of the storm, the National Park Service closed visitor centers and campgrounds along the Outer Banks.","Before the storm arrived, the National Park Service closed visitor centers and campgrounds on the Outer Banks."
The form of chess played is speed chess in which each competitor has a total of twelve minutes for the whole game.,Speed chess games are played where each player gets 12 minutes per game.
The Amazon Basin is the part of South America drained by the Amazon River and its tributaries.,The Amazon Basin is the area drained by the Amazon River and its tributaries.
The two former presidents were later separately charged with mutiny and treason for their roles in the 1979 coup and the 1980 Gwangju massacre.,Both previous leaders were later charged with mutiny and treason because of their part in the 1979 coup and the 1980 Gwangju massacre.
Moderate to severe damage extended up the Atlantic coastline and as far inland as West Virginia.,Damage was moderate to severe along the Atlantic coast and westward across West Virginia.
"Because the owner tends to be unaware, these computers are metaphorically compared to zombies.","The owner is not aware, so they compare them to zombies."
"The wave traveled across the Atlantic, and organized into a tropical depression off the northern coast of Haiti on September 13.","The wave went over the Atlantic, turning into a tropical depression off the north side of Haiti on September 13."
"For example, the stylebook of the Associated Press is updated annually.",The stylebook of the Associated Press is changed every year.
"The four canonical texts are the Gospel of Matthew, Gospel of Mark, Gospel of Luke and Gospel of John, probably written between AD 65 and 100 (see also the Gospel according to the Hebrews).","The four standard books are the Gospel of Matthew, Gospel of Mark, Gospel of Luke and Gospel of John. They were written between AD 65 and 100."
Since the end of the 19th century Eschelbronn is well known for its furniture manufacturing industry.,Eschelbronn is famous for its furniture making business since the late 19th century.
The upper half also resembles the coat of arms of the former district Oberbarnim.,The top part is like the coat of arms from the past district Oberbarnim.
"Unlike the clouds on Earth, however, which are composed of crystals of ice, Neptune's cirrus clouds are made up of crystals of frozen methane.",Neptune's cirrus clouds are made up of crystals of frozen methane unlike Earth's cloud that is made of ice.
Their participation is limited until they reach legal adulthood.,They don't take part until they are adults.
"Development Stable releases are rare, but there are often Subversion snapshots which are stable enough to use.","Stable releases are few, but there are many Subversion snapshots that work well."
"Finally in 1482 the Order dispatched him to Florence, the ‘ city of his destiny ’.","In 1482 he was sent to Florence, the 'city of his destiny'."
"In the Soviet years, the Bolsheviks demolished two of Rostov's principal landmarks - St Alexander Nevsky Cathedral (1908) and St George Cathedral in Nakhichevan (1783-1807).",The Bolsheviks destroyed two important buildings in Rostov during the Soviet years: St Alexander Nevsky Cathedral and St George Cathedral in Nakhichevan.
"He died on May 29, 1518 in Madrid, Spain and was buried in the church of San Benito d'Alcantara.","He died on May 29, 1518 in Madrid, Spain. He was buried in the church of San Benito d'Alcantara."
This was demonstrated in the Miller-Urey experiment by Stanley L. Miller and Harold C. Urey in 1953.,The Miller-Urey experiment showed this in 1953 by Stanley L. Miller and Harold C. Urey.
"Cogeneration (also combined heat and power, CHP) is the use of a heat engine or a power station to simultaneously generate both electricity and useful heat.",Combined Heat and Power is when you use an energy generator to create electricity and heat at the same time.
"On occasion the male ""den master"" will also allow a second male into the den; the reason for this is unclear.","Sometimes the male ""den master"" will let another male into the den.  The reason for this is not known."
A Wikipedia gadget is a JavaScript and / or a CSS snippet that can be enabled simply by checking an option in your Wikipedia preferences.,A Wikipedia gadget is a JavaScript and / or a CSS snippet that you can turn on just by checking an option in your Wikipedia preferences.
Below are some useful links to facilitate your involvement.,Here are some helpful links for you to get involved.
He served as the prime minister of Egypt between 1945 and 1946 and again from 1946 and 1948.,He was the president of Egypt between 1945-1946 and again from 1946-1948.
She was left behind (explanations for this vary) when the rest of the Nicoleños were moved to the mainland.,When the rest of the Nicoleños were sent to the mainland she was left behind.
"James I appointed him a Gentleman of the Chapel Royal, where he served as an organist from at least 1615 until his death.","James made him a Gentleman of the Chapel Royal, where he played the organ since 1615 till his death."
Chauvin was embarrassed to receive his award and initially indicated that he may not accept it.,Chauvin got nervous when receiving his award and said he might not take it at first.
"Later, Esperanto speakers began to see the language and the culture that had grown up around it as ends in themselves, even if Esperanto is never adopted by the United Nations or other international organizations.","Esperanto speakers saw the language and culture as an end on their own, even though they were not accepted by the UN or other groups."
Dry air wrapping around the southern periphery of the cyclone eroded most of the deep convection by early on September 12.,Air wrapped around the south edge of the storm wearing down the deep mixing part.
Calvin Baker is an American novelist.,Calvin Baker is from America. He writes novels.
"Eva Anna Paula Braun, died Eva Anna Paula Hitler (6 February 1912 – 30 April 1945) was the longtime companion and, for a brief time, wife of Adolf Hitler.","Adolf Hitler's longtime partner, Eva Anna Paula Hitler, died on 30 April 1945. She was his wife for only one short time."
Each version of the License is given a distinguishing version number.,Every copy has a different version number.
Most IRC servers do not require users to register an account but a user will have to set a nickname before being connected.,Most IRC servers don't need users to create accounts.  A user has to choose a nickname before they are able to connect.
"That same year he also received a mechanics certificate, becoming the youngest certificated airplane mechanic in New York.","He got his mechanics certificate that year, being the youngest certified airplane mechanic in New York."
"SummerSlam (2009) is an upcoming professional wrestling pay-per-view event produced by World Wrestling Entertainment (WWE), which will take place on August 23, 2009 at Staples Center in Los Angeles, California.","SummerSlam was made for watching separately from WWE. It will happen on August 23, 2009 at Staples Center in Los Angeles, CA."
"Usually portrayed as being bald, with long whiskers, he is said to be an incarnation of the Southern Polestar.",He usually appears bald with long whiskers. He is called the Southern Polestar.
"A few animals have chromatic response, changing color in changing environments, either seasonally (ermine, snowshoe hare) or far more rapidly with chromatophores in their integument (the cephalopod family).","Some animals change colors when they move from one environment to another.  This is called a chromatic response.  They may do this seasonally like ermine and snowshoe hares, or quickly like some octopus."
Val Venis defeated Rikishi in a Steel cage match to retain the WWF Intercontinental Championship (14:10) Venis pinned Rikishi after Tazz hit Rikishi with a TV camera.,Venis beat Rikishi in a steel cage fight to keep his WWF Intercontinental title.  After that Tazz hit Rikishi with a TV camera.
This closely resembles the Unix philosophy of having multiple programs each doing one thing well and working together over universal interfaces.,It is similar to the Unix idea that many programs are good at one task and work together on common interfaces.
"He came from a musical family; his mother, LaRue, was an administrative assistant and singer, and his father, Keith Brion, was a band director at Yale.",His parents were both musicians. His mom is an admin assistant and singer.  His dad was a band leader at Yale.
"The largest populations of Mennonites are in Canada, Democratic Republic of Congo and the United States, but Mennonites can also be found in tight-knit communities in at least 51 countries on six continents or scattered amongst the populace of those countries.","Mennonites live in many countries including Canada, Democratic Republic of Congo, and the United States. They can also be found in small groups in other countries."
"Naas is a major ""Dublin Suburb"" town, with many people living in Naas and working in Dublin.",Naas is a big suburb of Dublin where many live and work.
"Acanthopholis's armour consisted of oval plates set almost horizontally into the skin, with spikes protruding from the neck and shoulder area, along the spine.",Acanthopholis's armor was made up of oval plates that were placed nearly flat on their body.  They had spiky bumps coming out of their necks and shoulders.
"Origin Irmo was chartered on Christmas Eve in 1890 in response to the opening of the Columbia, Newberry and Laurens Railroad.","Irmo was made official on Christmas Eve in 1890 because of the Columbias, Newberries and Laurens railroad being opened."
"Conversely, bills proposed by the Law Commission, and consolidation bills, start in the House of Lords.","Bills put forward by the Law Commission, and consolidation bills, are first discussed in the House of Lords."
"In the years before his final release in 1474, when he began preparations for the reconquest of Wallachia, Vlad resided with his new wife in a house in the Hungarian capital.","Before being released in 1474, Vlad lived with his new wife in the Hungarian capital while preparing to get back at Wallachia."
"You may add a passage of up to five words as a Front-Cover Text, and a passage of up to 25 words as a Back-Cover Text, to the end of the list of Cover Texts in the Modified Version.","You may add a short passage of up to five words as a Front-Cover Text, and a longer passage of up to 25 words as a Back-Cover Text, to the end of the list of Cover Texts in the Modified Version."
"He is interred in the Restvale Cemetery in Alsip, Illinois.","He is buried in the Restvale Cemetery in Alsip, Illinois."
Bone marrow is the flexible tissue found in the hollow interior of bones.,Bone marrow is the soft tissue found in the hollow part of bones.
Reflection nebulae are usually blue because the scattering is more efficient for blue light than red (this is the same scattering process that gives us blue skies and red sunsets).,Reflection nebulas are usually blue because they scatter blue light better than red. This is the same process as our blue skies and red sunsets.
"Monteux is a commune of the Vaucluse département in southern France, in the area Provence-Alpes-Côte d'Azur.",Monteux is a commune in the Vaucluse département in southern France. It's located in the area Provence-Alpes-Côte d'Azur.
"MacGruber starts asking for simple objects to make something to defuse the bomb, but he is later distracted by something (usually involving his personal life) that makes him run out of time.","MacGruber tries to find simple items to make an item to stop the bomb, but gets distracted by something else which makes him lose time."
"This was substantially complete when Messiaen died, and Yvonne Loriod undertook the final movement's orchestration with advice from George Benjamin.","Messiaens were done when he died, and Yvonne Loriod took over the final movements music with help from George Benjamin."
"Shi'a Muslims consider Karbala to be one of their holiest cities after Mecca, Medina, Jerusalem and Najaf.","Karbala is considered one of the holiest cities for Shi'a Muslims after Mecca, Medina, Jerusalem and Najaf."
"The PAD called for the resignation of the governments of Thaksin Shinawatra, Samak Sundaravej and Somchai Wongsawat, whom the PAD accused of being proxies for Thaksin.","PAD wants the government of Thaksin Shinawatra, Samak Sundaravej and Somchai Wongsawat to resign because they are thought to be agents of Thaksin."
"However travel through very remote areas, on isolated tracks, requires advance planning and a suitable, reliable vehicle (usually a four wheel drive).","Traveling through remote areas, on isolated tracks, needs advance planning and a good car."
While at Kahn he was chief architect for the Fisher Building in 1928.,At Kahn he was chief architect for the Fisher Building in 1928.
"He excuses himself because he has to leave for rehearsal, and he and Dr. Schön leave.","He excused himself to go for practice, and left with Dr. Schön."
Britpop emerged from the British independent music scene of the early 1990s and was characterised by bands influenced by British guitar pop music of the 1960s and 1970s.,Britpop came out of the British independent music scene of the early 1990s. It is characterized by bands that were influenced by British guitar pop music of the 1960s and 1970s.
This was absorbed into battalions being formed for XI International Brigade.,This was taken over into battalions being made for XI International Brigade.
"The Sheppard line currently has fewer users than the other two subway lines, and shorter trains are run.",Sheppard line now has less users than the other two subway lines. Shorter trains are used on that line.
"It has a capacity of 98,772, making it the largest stadium in Europe, and the eleventh largest in the world.","it is the largest stadium in Europe, and the eleventh largest in the world."
"In December, 1967, Ten Boom was honored as one of the Righteous Among the Nations by the State of Israel.","Ten Boom was honored as one of the Righteous Among the Nations by the State of Israel in December, 1967."
Some articles are quite lengthy and rich in content while others are shorter (possibly stubs) and of lesser quality.,Some articles are very detailed but not as good.  Others are short and have less info.
About 95 species are currently accepted.,Around 95 species are accepted.
"Eugowra is said to be named after the Indigenous Australian word meaning ""The place where the sand washes down the hill"".","Eugowra was named for the Aboriginal word that means ""the place where the sand washes down the hill""."
"Terms such as ""undies"" for underwear and ""movie"" for ""moving picture"" are oft-heard terms in English.","Words like ""undie"" for underware and ""movie"" for moving pictures are often heard in English."
"Jurisdiction draws its substance from public international law, conflict of laws, constitutional law and the powers of the executive and legislative branches of government to allocate resources to best serve the needs of its native society.","Jurisdiction comes from public international law, conflict of laws, constitutional law and the powers of the executive and legislative branches of government to allocate resources to best serve the needs of its native society."
"He followed this with several other pieces about Hiawatha: The Death of Minnehaha, Overture to The Song of Hiawatha and Hiawatha's Departure.","Following up on his previous piece he wrote about Hiawatha: The Death of Minnehaha, Overture to The Song of Hiawatha and Hiawatha's Departure."
The capital of the state is Aracaju (pop.,Aracaju is the capital of the state.
"Despite this, Farrenc was paid less than her male counterparts for nearly a decade.",Farrenc was paid less than her male coworkers for nearly a decade.
Gumbasia was created in a style Vorkapich taught called Kinesthetic Film Principles.,Gumbasia was made in a way Vorkapich showed called Kinesthetic Film Principles.
"The lawyer, Brandon (Waise Lee), became his idol, and MK Sun grew up to be a lawyer.",Brandon Waise Lee was the lawyer that MK Sun looked up to when he was growing up.  MK Sun then became a lawyer.
"ISBN 1-876429-14-3 is an historic township located near Cowra in the central west of New South Wales, Australia in Cabonne Shire.","ISBN 1-876429-14-3 is a historical town located near Cowra in the central west of New South Wales, Australia in Cabonne Shire."
Military career Donaldson enlisted in the Australian Army on 18 June 2002.,Donaldson joined the Australian army on 18 June 2002.
"Prospectors from California, Europe and China were also digging along the Peel River and up the mountain slopes.","Prospects from California, Europe and China were also digging along the Peel River and up the mountain slopes."
"Before the advent of the pocket calculator, it was the most commonly used calculation tool in science and engineering.","Before calculators were available, they were the most often used math tool for science and engineering."
"The Kindle 2 features 16-level grayscale display, improved battery life, 20 percent faster page-refreshing, a text-to-speech option to read the text aloud, and overall thickness reduced from 0.8 to 0.36 inches (9.1 millimeters).","The Kindle 2 has 16-level grayscale display, better battery life, 20% faster page refresh, text-to-speech feature, and is thinner than before at 0.36 inches."
Yoghurt or yogurt is a dairy product produced by bacterial fermentation of milk.,Yogurt is made from fermented milk.
"Seventy-five defencemen are in the Hall of Fame, more than any other current position, while only 35 goaltenders have been inducted.","75 defenders were inducted, more than any other position. Only 35 goalkeepers were accepted."
"Alternative views on the subject have been proposed throughout the centuries (see below), but all were rejected by mainstream Christian bodies.","Throughout history many different views have been put forward, but they were not accepted by the majority of Christians."
"The album, however, was banned from many record stores nationwide.",This album was taken down from all record shops across the country.
"The legs are wide at the top, and narrow at the ankle.","The legs are wide at the top, and small at the ankle."
"In late 2004, Suleman made headlines by cutting Howard Stern's radio show from four Citadel stations, citing Stern's frequent discussions regarding his upcoming move to Sirius Satellite Radio.",Suleman made headlines in late 2004 when he cut out Howard Stern's radio show at four Citadel stations. He cited Stern's many talks about moving to Sirius Satellite Radio.
"The company opened twice as many Canadian outlets as McDonald's ""Wendy's confirms Tim Hortons IPO by March"", Ottawa Business Journal, December 1, 2005, and system-wide sales also surpassed those of McDonald's Canadian operations as of 2002.",The company opened twice as many Canadian stores as McDonald's. System wide sales were higher than McDonald's from 2002.
"Plot Captain Caleb Holt (Kirk Cameron) is a firefighter in Albany, Georgia and firmly keeps the cardinal rule of all firemen, ""Never leave your partner behind"".","Captain Caleb Holt is a firefighter in Albany, Georgia who strictly follows the rule, ""Never leave your partner behind""."
He won the presidential election held on 2 March 2008 with 71.25% of the popular vote.,"He won the president's election on March 2nd, 2008 with 71.25% of the votes."
The plant is considered a living fossil.,This plant is an old friend of ours.
"In 1990, she was the only female entertainer allowed to perform in Saudi Arabia.",She was the only woman who could act in Saudi Arabia in 1990.
Orchestration Stravinsky first conceived of writing the ballet in 1913.,Stravinsky first thought about creating the ballet in 1913.
Protests across the nation were suppressed.,Protests across the country were stopped.
"Offenbach's numerous operettas, such as Orpheus in the Underworld, and La belle Hélène, were extremely popular in both France and the English-speaking world during the 1850s and 1860s.","Offenbach's many operetta plays like Orpheus in the Underworld, and La belle Hélène were very popular in France and the English speaking countries between 1850-1860."
Roof tiles dating back to the Tang Dynasty with this symbol have been found west of the ancient city of Chang'an (modern-day Xian).,Tiles from the Tang Dynasty with this mark were found west of Chang'an.
"Jeanne Marie-Madeleine Demessieux (February 13, 1921 November 11, 1968), was a French organist, pianist, composer, and pedagogue.","Jeanne Marie-Madeleine Demessieux was a French organist, pianist, composer, and teacher."
"By most accounts, the instrument was nearly impossible to control.",The instrument was hard to control.
"Santa Maria Maggiore (St. Mary the Greater), the earliest extant church in Assisi.",The first existing church in Assisi is Santa Maria Maggiore.
Characteristics Radar observations indicate a fairly pure iron-nickel composition.,Radar shows that there is only iron and nickel.
"Railway Gazette International is a monthly business journal covering the railway, metro, light rail and tram industries worldwide.","Railway Gazette International is a magazine about the railways, trams, and other transport systems around the world."
He was appointed Companion of Honour (CH) in 1988.,In 1988 he became CH.
"Loèche harbours the installations of Onyx, the Swiss interception system for electronic intelligence gathering.","Loèche has the systems of Onyx, the Swiss interception system for electronic intelligence gathering."
A matchbook is a small cardboard folder (matchcover) enclosing a quantity of matches and having a coarse striking surface on the exterior.,A matchbook is a small cardboard folder that has many matches inside. It also has a rough hitting surface outside.
"She was among the first doctors to object to cigarette smoking around children, and drug use in pregnant women.","She was one of the first doctors against cigarettes being smoked around children, and drugs used on pregnant women."
"Defiantly, she vowed to never renounce the Commune, and dared the judges to sentence her to death.","She swore that she would not give up on the Commune, and even tried to get them to kill her."
"OEL manga series Graystripe's Trilogy There is a three volume original English-language manga series following Graystripe, between the time that he was taken by Twolegs in Dawn until he returned to ThunderClan in The Sight.","There is an original English-language manga series following Graystripe, between the time that he was taken by Twolegs in Dawn until he returned to ThunderClon in The Sight."
"Samovar & Porter (1994), p. 84 Syrians did not congregate in urban enclaves; many of the immigrants who had worked as peddlers were able to interact with Americans on a daily basis.",Syrians didn't gather in cities. Many immigrant peddlers could talk to Americans everyday.
"He was also famous for his prints, book covers, posters, and garden metalwork furniture.","His fame came from his prints, book covers, posters, and garden metalwork furniture."
"During childhood she suffered from collapsed lungs twice, she had pneumonia 4-5 times a year, a ruptured appendix, and had a tonsillar cyst.","She had collapsed lungs twice, pneumonia four five times a year, an opened appendix, and a tonsil stone."
"Dr. David Lindenmeyer (Australian National University) has argued that the need for nest boxes indicates that logging practices are not ecologically sustainable, for conserving hollow-dependent species like Leadbeater's possum.",The need for nest boxes shows that logging is bad for nature.  It also shows that Leadbeater's possum should be protected.
"The Montreal Canadiens are a professional ice hockey team based in Montreal, Quebec, Canada.","The Montreal Canadiens is an elite professional ice hockey team from Montreal, Quebec, Canada."
Small value inductors can also be built on integrated circuits using the same processes that are used to make transistors.,Small value inductors can be made on integrated circuits using the same processes as transistors.
"The term gribble was originally assigned to the wood-boring species, especially the first species described from Norway by Rathke in 1799, Limnoria lignorum.",Gribble is an old name for the wood boring animal that were first found in Norway by Rathke in 1799. It's called Limnoria lignorum.
The wounds inflicted by a club are generally known as bludgeoning or blunt-force trauma injuries.,Club wounding is usually called bludgeoning or blunt-force trauma injuries.
Thereafter the county's administration was conducted at Duns or Lauder until Greenlaw became the county town in 1596.,The county's administration was done at Duns or Lauder until Greenlaw became the county town in 1596.
No skater has yet accomplished a quadruple Axel in competition.,No skater has managed to complete a quadruple Axel in competition.
"From the telephone exchange, the Port Jackson District Commandant could communicate with all military installations on the harbour.",The Port Jackson District Commander was able to talk with all military bases on the harbor through the phone.
"However, even to those who enter the prayer hall of a mosque without the intention of praying, there are still rules that apply.",Even people who come to pray in a mosque for other reasons have to follow the rules.
It is described as pointed in the face and about the size of a rabbit.,it is like a rabbit but smaller.
Computer performance is characterized by the amount of useful work accomplished by a computer system compared to the time and resources used.,Computer performance is measured by how much work they accomplish compared to the time and resources used.
Some of the largest reservoirs in the world can be found along the Volga.,The longest water storage tanks are on the Volga.
The crosier symbolises the monasteries of the region.,The cross is an emblem for the monestries of that area.
Human skin hues can range from very dark brown to very pale pink.,Skin colors can vary from very dark brown to very light pink.
"Bankers from ShoreBank, a community development bank in Chicago, helped Yunus with the official incorporation of the bank under a grant from the Ford Foundation.",Shorebank bankers assisted Yunus when they incorporated the bank as a community bank under a grant from the Ford Foundation.
"Bremer reported plans to put Saddam on trial, but claimed that the details of such a trial had not yet been determined.","Bremer said he would try Saddam for war crimes, but didn't know about the details of such an attempt."
Representatives of the Professional Hockey Writers' Association vote for the All-Star Team at the end of the regular season.,The Professional Hockey Writers' Association voted on the All-Star Team at the end of the regular season.
"Tajikistan, Turkmenistan and Uzbekistan border Afghanistan to the north, Iran to the west, Pakistan to the south and the People's Republic of China to the east.","Tajikistan, Turkmenistan and Uzbekistan are next to Afghanistan to the north, Iran to the west, Pakistan to the south and the People's Republic of China to the east."
"Nupedia was founded on March 9, 2000, under the ownership of Bomis, Inc, a web portal company.","Nupedia was created on March 9, 2000, owned by Bomis, Inc, a web portal company."
Notable features of the design include key-dependent S-boxes and a highly complex key schedule.,The design has key-dependent S-boxes and a very complex key schedule.
"Iain Grieve (born 19 February, 1987 in Jwaneng, Botswana) is a rugby union back-rower for Bristol Rugby in the Guinness Premiership.","Iain Grieve was born on 19th February, 1987 in Jwaneng, Botswana. He plays as a rugby union back-rower for Bristol Rugby in the Guinness Premiership."
Other nearby settlements include Pont-Bellanger and Beaumesnil.,Other towns near are Pont-Bellanger and Beaumesnil.
The quark model was independently proposed by physicists Murray Gell-Mann and George Zweig in 1964.,Murray Gell-Mann and George Zweig both came up with the idea for the quark model in 1964.
The fourth ring is decorated with golden garlands and was added in 1938 39 when the column was moved to its present location.,The fourth ring has golden garlands on it and was put in place in 1938-39 when the column was moved to its current spot.
"West Berlin had its own postal administration, separate from West Germany's, which issued its own postage stamps until 1990.","West Berlin has its own postal management system, different than that of West Germany. It made its own postage stamps up until 1990."
"The Primavera is a painting by the Italian Renaissance painter Sandro Botticelli, c. 1482.","The Primavera is an artwork by the Italian Renaissance painter Sandro Botticelli, circa 1482."
New South Wales's largest city and capital is Sydney.,Sydney is New South Wales's largest city and capital.
"The polymer is most often epoxy, but other polymers, such as polyester, vinyl ester or nylon, are also sometimes used.","The polymer is mostly epoxy, but other polymers like polyester, vinyl ester or nylon may also be used."
"The name survives as a brand for a related spin-off digital television channel, digital radio station, and website which have survived the demise of the printed magazine.","The name is used as a brand for a related digital television channel, digital radio station, and website.  They all outlived the demise of the printed magazine."
"At four-and-a-half years old he was left to fend for himself on the streets of northern Italy for the next four years, living in various orphanages and roving through towns with groups of other homeless children.",He was taken care of by orphans when he was 4-1/2 years old. He lived in many orphanages and wandered around towns with other homeless kids.
Stands were eventually added behind each set of goals during the 1980s and 1990s as the ground began to be modernised.,Stands were added behind each goal during the 1980s and 1990s because the area was being made more modern.
"A town may be correctly described as a market town or as having market rights even if it no longer holds a market, provided the right to do so still exists.","A town may be called a market town or have market rights even if there is no more market, but they still have that right."
A bastion on the eastern approaches was built later.,An east approach fortress was made later.
Events Europe July 29 — Battle of Stiklestad (Norway): Olav Haraldsson loses to his pagan vassals and is killed in the battle.,Olav Haraldsson loses to his pagan vassals and is killed in the Battle of Stiklestad on July 29th.
Others have theorized that Tresca was eliminated by the NKVD as retribution for criticism of the Stalin regime of the Soviet Union.,Treska was destroyed by the NKVD because he criticized the Stalin regime of the Soviet Union.
This resulted in both Montenegro and Serbia becoming independent countries.,Both Montenegro and Serbia became independent countries.
Use HTML and CSS markup sparingly and only with good reason.,Use HTML and CSS sparingly and only when needed.
Schuschnigg immediately responded publicly that reports of riots were false.,Schuschnig said reports of riots were wrong.
"Addiscombe is a suburb in the London Borough of Croydon, England.","Addiscombe is a part of the Londons borough of Croydon, England."
"Depending on the context, another closely-related meaning of constituent is that of a citizen residing in the area governed, represented, or otherwise served by a politician; sometimes this is restricted to citizens who elected the politician.",Another related meaning of constituent is that of a citizen living in an area controlled by a politician.  This may only apply to people who chose the politician.
"Prunk is a member of Institute of European History in Mainz, and a senior fellow of the Center for European Integration Studies in Bonn.","Prunk is an institute of European history in Mainz, and a senior scholar at the Center for European Integration Studies in Bonn."
Stallone also had a cameo appearance in the 2003 French film Taxi 3 as a passenger.,Stallone played briefly in Taxi 3 as a passenger.
"Instead, the crew fashioned a trailer with a cantilevered arm attached to the ""hovercraft"" and shot the scene while riding up Templin Highway north of Santa Clarita.",The crew made a trailer with an arm on top of the hovercraft. They rode that for the movie shoot.
The conference papers were published the next year in a bookMicroeconomic Foundations of Employment and Inflation Theory by Phelps et al.,The paper was published the next year in a book called Microeconomic Foundations of Employment and Inflation Theory by Phelps et al.
"Wario Land The Wario Land series is a platforming series that started with Wario Land: Super Mario Land 3, a spin-off of the Super Mario Land series.","The Wario Land series is a platforming series that started with Wario Land: Super Mario Land 3, a spin-off of the Super Mario Land series."
Frédéric Chopin's Opus 57 is a berceuse for solo piano.,Frederic Chopins Opus 57 is a solo piano piece.
These attacks may have been psychological in origin rather than physical.,These attacks could have started as mental instead of physical.
"A historian has stated that ""it was quinine's efficacy that gave colonists fresh opportunities to swarm into the Gold Coast, Nigeria and other parts of west Africa"".","Colonists were able to move into the Gold Coast, Nigeria and other parts of west Africa because of quinine's effectiveness."
"Furthermore, spectroscopic studies have shown evidence of hydrated minerals and silicates, which indicate rather a stony surface composition.",Spectroscopic studies show that there are minerals and silicates on the surface. This means the surface is made up of stones.
She became the authoritative editor of her husband's works for Breitkopf und Härtel.,She was the official editor of his books for Breitkopf und Härtel.
"Mercury is similar in appearance to the Moon: it is heavily cratered with regions of smooth plains, has no natural satellites and no substantial atmosphere.","Mercury looks like the Moon because they are both heavily cratered with smooth plains, have no moons or atmospheres."
Geography The town lies in the Limmat valley between Baden and Zürich.,The town is located in the Limmat valley between Baden and Zürich.
"These ideally provide excellent habitat for chinkara, hog deer and blue bull.","They are an ideal home for chinkara, hog deer and blue bull."
"After the Sena dynasty, Dhaka was successively ruled by the Turkish and Afghan governors descending from the Delhi Sultanate before the arrival of the Mughals in 1608.",Dhaka after the Sena dynasty was ruled by the Turkish and Afghans coming from the Delhi Sultanate until the Mughal arrived in 1608.
The Prime Minister stays in office only as long as he or she retains the support of the lower house.,The Prime Minister stays in power until they lose the support of the lower house.
"For Rowling, this scene is important because it shows Harry's bravery, and by retrieving Cedric's corpse, he demonstrates selflessness and compassion.","This scene is important for Rowling since it shows Harry's bravery. By getting Cedric's body back, he shows his selfless and kind nature."
"On June 1, 1972, he and fellow RAF members Jan-Carl Raspe and Holger Meins were apprehended after a lengthy shootout in Frankfurt.","He was captured on June 1, 1972, along with Jan-Carl Raspe and Holger Meins. They were arrested after a long fight in Frankfurt."
"Together they formed New Music Manchester, a group committed to contemporary music.","They made New Music Manchester, a group that is devoted to modern music."
"The compact and intense hurricane caused extreme damage in the upper Florida Keys, as a storm surge of approximately 18 to 20 feet affected the region.",The small but powerful hurricane damaged the upper Florida Keys. A storm surging about 18-20 feet hit the area.
It is now the site of Meher Baba's samadhi (tomb-shrine) as well as facilities and accommodations for pilgrims.,Meher Baba's tomb shrine is located at this place along with facilities and living quarters for pilgrims.
The collapsed dome of the main church has been restored entirely.,The domed part of the main church was rebuilt completely.
"In 2005, Meissner became the second American woman to land the triple Axel jump in national competition.",Meissner was the second American women to complete the triple Axel jump in competitions in 2005.
"Salem is a city in Essex County, Massachusetts, United States.","Salem is located in Essex County, Massachusetts, United states."
Forty-nine species of pipefish and nine species of seahorse have been recorded.,There are 49 types of pipefish and 9 types of seahorses that were found.
"Saint Martin is a tropical island in the northeast Caribbean, approximately 300 km (186 miles) east of Puerto Rico.",Saint Martin is an island in the northeast Caribbean that is about 300km from Puerto Rico.
"Therefore, these PDFs can not be distributed without further manipulation if they contain images.",These PDFs cannot be shared without more editing if they have pictures.
"In April 1862, Ben was arrested on the orders of Police Inspector Sir Frederick Pottinger for participating in an armed robbery whilst in the company of Frank Gardiner.",Ben was arrested in April 1862 by Police Inspector Sir Frederick Pottinger because he participated in an armed robbery while being around Frank Gardiner.
"Heavy rain fell across portions of Britain on October 5, causing localized accumulation of flood waters.",Heavy rains caused some parts of Britain to have flooding issues.
"Version 2009.1 provides a USB installer to create a Live USB, where the user's configuration and personal data can be saved if desired.",Version 2009.1 gives a USB installer for creating a Live USB. It allows users to save their settings and data on that USB if they want.
"In approximate relation to the parties' respective strength in the Federal Assembly, the seats were distributed as follows: Free Democratic Party (FDP): 2 members, Christian Democratic People's Party (CVP): 2 members, Social Democratic Party (SP): 2 members, and Swiss People's Party (SVP): 1 member.","The Federal Assembly was split up like this: FDP had two members, CVP also had two, SP had two, SVP only one."
"A fee is the price one pays as remuneration for services, especially the honorarium paid to a doctor, lawyer, consultant, or other member of a learned profession.","A fee is an amount you pay as payment for service. It's usually the honorarium given to professionals like doctors, lawyers, consultants, etc."
Ohio State's library system encompasses twenty-one libraries located on its Columbus campus.,The Ohio State's library has twenty one libraries at their Columbus campus.
"In other developments, both Iceland and Greenland accepted the overlordship of Norway, but Scotland was able to repulse a Norse invasion and broker a favorable peace settlement.","Iceland and Greenland accepted control of Norway, while Scotland drove out the Norweigians and made an agreement for peace."
"The singles from the album included ""By the Way"", ""The Zephyr Song"", ""Ca n't Stop"", ""Dosed"" and ""Universally Speaking"".","The singles from the album were: ""By the Way"", ""The Zephyr Song"", ""Can't Stop"", ""Dosed"" and ""Universally Speaking""."
"In April 2000, MINIX became free / open source software under a permissive free software licence, but by this time other operating systems had surpassed its capabilities, and it remained primarily an operating system for students and hobbyists.","MINIX was made available as free/open source software in April 2000. By that time other OS's were better than it, and it stayed mainly for student/hobbyist use."
"The body color varies from medium brown to gold-ish to beige-white; and occasionally, is marked with dark brown spots, especially on the limbs.",The body color varies from medium brown to gold-ish to beige-white.  It may also have some dark brown spots on the arms and legs.
"The Britannica was primarily a Scottish enterprise, as symbolised by its thistle logo, the floral emblem of Scotland.",Britannica is mainly an Scottish business because they use their thistle flower logo which represents scotland.
"The area covered by the warning issued on September 22 was extended southwards as Jose intensified, before being canceled soon after landfall on September 23.",The area warned about on September 22 was taken further south when Jose got stronger. It was then stopped shortly after reaching land on September 23.
"In August 2003, the San Diego Union Tribune alleged that U.S. Marine pilots and their commanders confirmed the use of Mark 77 firebombs on Iraqi Republican Guards during the initial stages of combat.",The San Diego Union Tribune said US Marine pilots and commanders confirmed the use of Mark 77 firebombs on Iraqi Republican Guards during the first stages of war.
"The latter provided audiences with the sort of information later provided by intertitles, and can help historians imagine what the film may have been like.",The latter gave people info that was used in intertitles. It helps historians see how the movie might have looked.
"That is because real estate, businesses and other assets in the underground economies of the Third World can not be used as collateral to raise capital to finance industrial and commercial expansion.","Real estate, businesses and other assets in the underground economies of the Third World cannot be used as collateral to raise capital to finance industrial and commercial growth."
He bolted from Sydney Cove several times before being shot dead in 1796.,He ran away from Sydney Cove several times before being killed in 1796.
"Ned and Dan advanced to the police camp, ordering them to surrender.","Ned and Dan went to the police camp, telling them to give up."
"Before the second game got underway, the press agreed that the ""midget-in-a-cake"" appearance had not been up to Veeck's usual promotional standard.","The press said before the second game started that the ""midget-in-a-cake"" look was not up to Veeck's usual standards for promotion."
"In a short video promoting the charity Equality Now Joss Whedon confirmed that ""Fray is not done, Fray is coming back.","Joss Whedon said in an advertisement that ""Fray is not done, Fray is coming back."""
A mutant is a type of fictional character that appears in comic books published by marvel comics.,A mutant is an imaginary character found in Marvel Comics publications.
The SAT Reasoning Test (formerly Scholastic Aptitude Test and Scholastic Assessment Test) is a standardized test for college admissions in the United States.,The SAT Reasoning Test is used for college admission in the US.
"Civil unrest in northern Italy spawns the medieval musical form of Geisslerlieder, penitential songs sung by wandering bands of Flagellants.",Northern Italian civil unrest started the medieval music form of Geisslerlieders.  These are songs sung by traveling groups of flagellants.
Some reports read that various factors increase the likelihood of both paralysis and hallucinations.,Various factors may cause both paralysis and hallucinations.
His sentence was transportation to Australia for seven years.,He traveled to Australia for 7 years.
"Waugh writes that Charles had been ""in search of love in those days"" when he first met Sebastian, finding ""that low door in the wall... which opened on an enclosed and enchanted garden"", a metaphor that informs the work on a number of levels.",Wauh writes that Charles was looking for love when he first met Sebastian. He found a small door in the wall that led to an enclosed and magical garden.
Her notorious friendship with the Russian mystic Grigori Rasputin was also an important factor in her life.,She is known for being friends with the Russian mystic Grigori Rasputin. It was an important part of her life.
The term dorsal refers to anatomical structures that are either situated toward or grow off that side of an animal.,Dorsal means towards or away from the back part of an animal's body.
"The term ""protein"" itself was coined by Berzelius, after Mulder observed that all proteins seemed to have the same empirical formula and might be composed of a single type of (very large) molecule.",Proteins were first called by Berzelius when he saw they had the same chemical makeup. They may consist of one very big molecule.
"After the Jerilderie raid, the gang laid low for 16 months evading capture.",The band hid for 16 months after being captured during the Jerilderie raid.
Barneville-la-Bertran is a commune in the Calvados department in the Basse-Normandie region in northwestern France.,Barneville-la-Bertran is a community in the Calvados area of France.
Color ranges from orange to pale yellow.,The color is between orange and pale yellow.
"In 1963 an extension was added, curving north from Union station, below University Avenue and Queen's Park to near Bloor Street, where it turned west to terminate at St. George and Bloor Streets.","An addition was made in 1963 that curved north from Union station, under University Ave and Queens park to near Bloor street. It then went west to end at St.George and Bloor streets."
"Before 1980, a section of the Commonwealth Railways Central Australian line passed along the western side of the Simpson Desert.",A part of the Commonwealth Railways Central Australian line went west through the Simpson Desert before 1980.
It is located on an old portage trail which led west through the mountains to Unalakleet.,it is found on an old trail that went west through the mountains to Unalakleet.
People with cardiomyopathy are often at risk of arrhythmia or sudden cardiac death or both.,Cardiomyopathy is often associated with arrhythmia or sudden cardiac death.
"As the largest sub-region in Mesoamerica, it encompassed a vast and varied landscape, from the mountainous regions of the Sierra Madre to the semi-arid plains of northern Yucatán.",It is the biggest part of Mesoamerica. It has many different landscapes like mountains and dry land.
Google subsequently made the comic available on Google Books and their site and mentioned it on its official blog along with an explanation for the early release.,After that Google put out the comic on Google Books and their website.  It also showed it on its official blog with an explanation for the early release.
"Anyone may register a pedigree with the college, where they are carefully internally audited and require official proofs before being altered.",Anybody may register their family history with the college. They will then have them checked and need proof before changing anything.
"The book, Political Economy, was published in 1985, but had limited classroom adoption.","Political Economy was first published in 1985, but only used in few classrooms."
"He toured with the IPO in the spring of 1990 for their first-ever performance in the Soviet Union, with concerts in Moscow and Leningrad, and toured with the IPO again in 1994, performing in China and India.","In the spring of 1990 he toured with the IPO for the first time in the Soviet Union. He performed in Moscow and Leningrad. In 1994 he toured again with the IPO, playing in China and India."
"Napoleonic Wars: Austrian General Mack surrenders his army to the Grand Army of Napoleon at Ulm, reaping Napoleon over 30,000 prisoners and inflicting 10,000 casualties on the losers.","Austrian General Mack surrenders his army to the Grand Army of Napoleon at Ulm. He got over 30,000 prisoners and caused 10,000 deaths on the losers."
"It has long been the economic centre of northern Nigeria, and a centre for the production and export of groundnuts.","It is the economic center of northern Nigeria, and a center for the production and export of groundnuts."
"A majority of South Indians speak one of the five Dravidian languages — Kannada, Malayalam, Tamil, Telugu and Tulu.",Most South Indian people speak one of the five Dravindian languages.
Meteora earned the band multiple awards and honors.,Meteora got many awards and recognition from the band.
"After a brief stand-off, the WWF cavalry turned around and attacked Kane and Jericho.",The WWF soldiers turned around and fought Kane and Jericho after a short fight.
Most of the songs were written by Richard M. Sherman and Robert B. Sherman.,The majority of the songs were created by Richard M. Sherman and Robert B. Sherman.
In the 5th century Slavs started to move into the area.,The 5th century Slavs moved into this area.
"From 1900 to 1920 many new facilities were constructed on campus, including facilities for the dental and pharmacy programs, a chemistry building, a building for the natural sciences, Hill Auditorium, large hospital and library complexes, and two residence halls.","Many new buildings were built between 1900-1920s. They included the dental, pharmacy, chemistry, science, and library buildings as well as two dormitories."
"Winchester is a city in Scott County, Illinois, United States.","Winchesters are in Scott County, Illinois, United states."
"Name Arzashkun seems to be the Assyrian form of an Armenian name ending in -ka formed from a proper name Arzash, which recalls the name Arsene, Arsissa, applied by the ancients to part of Lake Van.","Arzashkun is thought to be the Assyrian version of an Armenian name that ends in ""ka"". This comes from the word Arzash, which sounds like the name Arsene, Arsissa, used by the ancient people for part of Lake Van."
"Out of 16,421 participants in the national casting, she was chosen among the 15 candidates to appear on the TV show.","She was selected from 15 people out of 16,421 for the TV show."
"Its episodes were broadcast on the ABC network from its debut on September 21, 1993 to March 1, 2005.","It's first episode was shown on the ABC network on September 21, 1993 till March 1, 2005."
The latter device can then be designed and used in less stringent environments.,The later machine can be made for use in less strict conditions.
"Gimnasia hired first famed Colombian trainer Francisco Maturana, and then Julio César Falcioni, but both had limited success.","Gimnasia hired famous Columbian trainer Francisco Maturana, and then Julio César Falcioni, but both were unsuccessful."
"Brighton is a city in Washington County, Iowa, United States.","Washington County, Iowa, United States has Brighton as their capital."
"Furthermore, she appeared in several music videos, including ""It Girl"" by John Oates and ""Just Lose It"" by Eminem.","She also played in several music videos like ""It Girl"" by John Oates and ""Just Lose It"" by Eminem."
"On June 24 1979 (the 750th anniversary of the village), Glinde received its town charter.",Glinde got its town charter on June 24 1979.
"Pauline returned in the Game Boy remake of Donkey Kong in 1994, and later Mario vs. Donkey Kong 2: March of the Minis in 2006, although the character is now described as ""Mario's friend"".","Pauline came back in the Game Boy version of Donkey King in 1994, and later in Mario vs. Donkey Kong 2: March of the Minis in 2006. She was called ""Mario's friend"" then."
The vagina is remarkably elastic and stretches to many times its normal diameter during vaginal birth.,The vagina is very stretchy and can get much larger than usual during childbirth.
"His real date of birth was never recorded, but it is believed to be a date between 1935 and 1939.","He was born on an unknown date, but it is thought to have been between 1935-1939."
"This quantitative measure indicates how much of a particular drug or other substance (inhibitor) is needed to inhibit a given biological process (or component of a process, i.e. an enzyme, cell, cell receptor or microorganism) by half.",This number shows how much of a specific medicine or substance is needed to stop a certain biological process from working for half.
"Although the name suggests that they are located in the Bernese Oberland region of the canton of Bern, portions of the Bernese Alps are in the adjacent cantons of Valais, Lucerne, Obwalden, Fribourg and Vaud.","The name suggest they are in the Bernese Oberland area but parts of the Bernese Alps are also in other areas like Valais, Lucerne, etc."
"There he had one daughter, later baptized as Mary Ann Fisher Power, to Ann (e) Power.","He had one daughter, later baptized as Mary Ann Fisher Power, to Ann (e) Power."
"During an interview, Edward Gorey mentioned that Bawden was one of his favorite artists, lamenting the fact that not many people remembered or knew about this fine artist.",Edward Gorey said he liked Bawden as much as any other artist. He also regretted that few people remember him.
"The string can vibrate in different modes just as a guitar string can produce different notes, and every mode appears as a different particle: electron, photon, gluon, etc.","The vibrating strings on a guitar create different sounds because they are made up of particles like electrons, photons, gluons, etc."
Gable also earned an Academy Award nomination when he portrayed Fletcher Christian in 1935's Mutiny on the Bounty.,Gable got an Oscar nomination for playing Fletcher Christian in 1935's Mutiny on the Bounty.
